"","baseMean","log2FoldChange","lfcSE","stat","pvalue","padj","Kingdom","Phylum","Class","Order","Family","Genus","Species"
"c968a24defa6cfdda5a32b764efdb51a",2.04662551987797,-1.72100568082863,0.392593316217524,-4.38368563532822,1.16688125779117e-05,0.00059044191644233,"Bacteria","Acidobacteria","Acidobacteriia","Acidobacteriales","Acidobacteriaceae (Subgroup 1)",NA,NA
"c27cddd00581086c6392c202f5acab81",4.7019993990204,2.77327669120873,0.652949007733896,4.24730975675049,2.16352741040764e-05,0.000912287391388554,"Bacteria","Acidobacteria","Acidobacteriia","Solibacterales","Solibacteraceae (Subgroup 3)","Candidatus Solibacter",NA
"157c5a83a26453ca9ad172e13909f9f3",1.92011642145029,-1.8281603586322,0.390932124925457,-4.67641373545547,2.9193532279653e-06,0.00036929818333761,"Bacteria","Proteobacteria","Gammaproteobacteria","Xanthomonadales","Rhodanobacteraceae","Dyella",NA
"2f3d80e5825933952f17c0e61c66bcc2",3.42461685639335,-2.44838504262892,0.535917155421451,-4.56858866684998,4.91019343248855e-06,0.000414092979473201,"Bacteria","Proteobacteria","Gammaproteobacteria","Xanthomonadales","Rhodanobacteraceae","Dyella",NA
"b2256e9b849d5138f6577d70d927988a",9.13848693479582,3.44048128139569,0.763437070411913,4.50656827489315,6.58844925146253e-06,0.000416719415155005,"Bacteria","Acidobacteria","Blastocatellia (Subgroup 4)","11-24","metagenome","metagenome","metagenome"
"2ca95eaf36b31e0c53748c884f2034f8",4.63238731804278,-3.07337973453698,0.599369450457214,-5.1276883267783,2.93321507109668e-07,7.42103412987459e-05,"Bacteria","Proteobacteria","Alphaproteobacteria","Micropepsales","Micropepsaceae","uncultured",NA
